RETAIL SALES,RETAIL TRANSFERS,WAREHOUSE SALES
sum,sum,sum
209763.10999999984,234924.44000000003,2437617.319999994
0.0,0.0,-45331.0
0.0,0.0,43558.0
309847.849999999,334176.4099999994,33173.31999999996
8109.969999999999,9058.369999999999,8656.720000000001
281.3400000000001,171.92000000000002,-6754.0
995.98,3594.7,0.0
313400.41999999224,340710.51000000094,433010.4699999996
